Heart Rate,Hemoglobin,PaO2,SpO2,Systolic BP,Diastolic BP,CaO2,O2_Delivery,Hb_HR,PaO2_div_SpO2,HR_SpO2,HR_Hb_SpO2,CaO2_per_HR,Hb_div_PaO2,Hb_times_logHR,f_1,f_2,f_3,oxy_delivery,cv_stress,pp_ratio,mean,O2 content diff,oer,shock_index,EF_percent,VO2_ml_per_min
85,14.0,85.0,96,120,80,1800.96,1553.2135000000003,1190.0,0.8854166666666666,8160,114240.0,0.21497764705882355,0.16470588235294117,62.3608621475491,1800.96,10200,40,153.0816,10.2,0.3333333333333333,93.33333333333333,206.36,0.11458333333333333,0.7083333274305557,44.54609442500608,257.43502576520166
